[
    {
      "id": 1,
      "name": "Air Asia",
      "departure": "06:00 am",
       "arrival": "05:00 am",
       "status":"On Time",
       "cost":2000
   },
    {
      "id": 2,
      "name": "Air India",
      "departure": "08:00 am",
       "arrival": "07:00 am",
       "status":"On Time",
       "cost":2500
    },
    {
     "id": 3,
      "name": "Indigo",
      "departure": "06:00 am",
       "arrival": "05:00 am",
       "status":"On Time",
        "cost":3500
    },
    {
      "id":4,
      "name": "Go Air",
      "departure": "10:00 am",
       "arrival": "08:00 am",
       "status":"Late",
        "cost":2800
    }
    
   ]
